id,Survived,Pclass,Age,Fare,female,male
0,0,3,22.0,7.25,0,1
1,1,1,38.0,71.2833,1,0
2,1,3,26.0,7.925,1,0
3,1,1,35.0,53.1,1,0
4,0,3,35.0,8.05,0,1
5,0,3,29.69911764705882,8.4583,0,1
6,0,1,54.0,51.8625,0,1
7,0,3,2.0,21.075,0,1
8,1,3,27.0,11.1333,1,0
9,1,2,14.0,30.0708,1,0
10,1,3,4.0,16.7,1,0
11,1,1,58.0,26.55,1,0
12,0,3,20.0,8.05,0,1
13,0,3,39.0,31.275,0,1
14,0,3,14.0,7.8542,1,0
15,1,2,55.0,16.0,1,0
16,0,3,2.0,29.125,0,1
17,1,2,29.69911764705882,13.0,0,1
18,0,3,31.0,18.0,1,0
19,1,3,29.69911764705882,7.225,1,0
20,0,2,35.0,26.0,0,1
21,1,2,34.0,13.0,0,1
22,1,3,15.0,8.0292,1,0
23,1,1,28.0,35.5,0,1
24,0,3,8.0,21.075,1,0
25,1,3,38.0,31.3875,1,0
26,0,3,29.69911764705882,7.225,0,1
27,0,1,19.0,263.0,0,1
28,1,3,29.69911764705882,7.8792,1,0
29,0,3,29.69911764705882,7.8958,0,1
30,0,1,40.0,27.7208,0,1
31,1,1,29.69911764705882,146.5208,1,0
32,1,3,29.69911764705882,7.75,1,0
33,0,2,66.0,10.5,0,1
34,0,1,28.0,82.1708,0,1
35,0,1,42.0,52.0,0,1
36,1,3,29.69911764705882,7.2292,0,1
37,0,3,21.0,8.05,0,1
38,0,3,18.0,18.0,1,0
39,1,3,14.0,11.2417,1,0
40,0,3,40.0,9.475,1,0
41,0,2,27.0,21.0,1,0
42,0,3,29.69911764705882,7.8958,0,1
43,1,2,3.0,41.5792,1,0
44,1,3,19.0,7.8792,1,0
45,0,3,29.69911764705882,8.05,0,1
46,0,3,29.69911764705882,15.5,0,1
47,1,3,29.69911764705882,7.75,1,0
48,0,3,29.69911764705882,21.6792,0,1
49,0,3,18.0,17.8,1,0
50,0,3,7.0,39.6875,0,1
51,0,3,21.0,7.8,0,1
52,1,1,49.0,76.7292,1,0
53,1,2,29.0,26.0,1,0
54,0,1,65.0,61.9792,0,1
55,1,1,29.69911764705882,35.5,0,1
56,1,2,21.0,10.5,1,0
57,0,3,28.5,7.2292,0,1
58,1,2,5.0,27.75,1,0
59,0,3,11.0,46.9,0,1
60,0,3,22.0,7.2292,0,1
61,1,1,38.0,80.0,1,0
62,0,1,45.0,83.475,0,1
63,0,3,4.0,27.9,0,1
64,0,1,29.69911764705882,27.7208,0,1
65,1,3,29.69911764705882,15.2458,0,1
66,1,2,29.0,10.5,1,0
67,0,3,19.0,8.1583,0,1
68,1,3,17.0,7.925,1,0
69,0,3,26.0,8.6625,0,1
70,0,2,32.0,10.5,0,1
71,0,3,16.0,46.9,1,0
72,0,2,21.0,73.5,0,1
73,0,3,26.0,14.4542,0,1
74,1,3,32.0,56.4958,0,1
75,0,3,25.0,7.65,0,1
76,0,3,29.69911764705882,7.8958,0,1
77,0,3,29.69911764705882,8.05,0,1
78,1,2,0.83,29.0,0,1
79,1,3,30.0,12.475,1,0
80,0,3,22.0,9.0,0,1
81,1,3,29.0,9.5,0,1
82,1,3,29.69911764705882,7.7875,1,0
83,0,1,28.0,47.1,0,1
84,1,2,17.0,10.5,1,0
85,1,3,33.0,15.85,1,0
86,0,3,16.0,34.375,0,1
87,0,3,29.69911764705882,8.05,0,1
88,1,1,23.0,263.0,1,0
89,0,3,24.0,8.05,0,1
90,0,3,29.0,8.05,0,1
91,0,3,20.0,7.8542,0,1
92,0,1,46.0,61.175,0,1
93,0,3,26.0,20.575,0,1
94,0,3,59.0,7.25,0,1
95,0,3,29.69911764705882,8.05,0,1
96,0,1,71.0,34.6542,0,1
97,1,1,23.0,63.3583,0,1
98,1,2,34.0,23.0,1,0
99,0,2,34.0,26.0,0,1
100,0,3,28.0,7.8958,1,0
101,0,3,29.69911764705882,7.8958,0,1
102,0,1,21.0,77.2875,0,1
103,0,3,33.0,8.6542,0,1
104,0,3,37.0,7.925,0,1
105,0,3,28.0,7.8958,0,1
106,1,3,21.0,7.65,1,0
107,1,3,29.69911764705882,7.775,0,1
108,0,3,38.0,7.8958,0,1
109,1,3,29.69911764705882,24.15,1,0
110,0,1,47.0,52.0,0,1
111,0,3,14.5,14.4542,1,0
112,0,3,22.0,8.05,0,1
113,0,3,20.0,9.825,1,0
114,0,3,17.0,14.4583,1,0
115,0,3,21.0,7.925,0,1
116,0,3,70.5,7.75,0,1
117,0,2,29.0,21.0,0,1
118,0,1,24.0,247.5208,0,1
119,0,3,2.0,31.275,1,0
120,0,2,21.0,73.5,0,1
121,0,3,29.69911764705882,8.05,0,1
122,0,2,32.5,30.0708,0,1
123,1,2,32.5,13.0,1,0
124,0,1,54.0,77.2875,0,1
125,1,3,12.0,11.2417,0,1
126,0,3,29.69911764705882,7.75,0,1
127,1,3,24.0,7.1417,0,1
128,1,3,29.69911764705882,22.3583,1,0
129,0,3,45.0,6.975,0,1
130,0,3,33.0,7.8958,0,1
131,0,3,20.0,7.05,0,1
132,0,3,47.0,14.5,1,0
133,1,2,29.0,26.0,1,0
134,0,2,25.0,13.0,0,1
135,0,2,23.0,15.0458,0,1
136,1,1,19.0,26.2833,1,0
137,0,1,37.0,53.1,0,1
138,0,3,16.0,9.2167,0,1
139,0,1,24.0,79.2,0,1
140,0,3,29.69911764705882,15.2458,1,0
141,1,3,22.0,7.75,1,0
142,1,3,24.0,15.85,1,0
143,0,3,19.0,6.75,0,1
144,0,2,18.0,11.5,0,1
145,0,2,19.0,36.75,0,1
146,1,3,27.0,7.7958,0,1
147,0,3,9.0,34.375,1,0
148,0,2,36.5,26.0,0,1
149,0,2,42.0,13.0,0,1
150,0,2,51.0,12.525,0,1
151,1,1,22.0,66.6,1,0
152,0,3,55.5,8.05,0,1
153,0,3,40.5,14.5,0,1
154,0,3,29.69911764705882,7.3125,0,1
155,0,1,51.0,61.3792,0,1
156,1,3,16.0,7.7333,1,0
157,0,3,30.0,8.05,0,1
158,0,3,29.69911764705882,8.6625,0,1
159,0,3,29.69911764705882,69.55,0,1
160,0,3,44.0,16.1,0,1
161,1,2,40.0,15.75,1,0
162,0,3,26.0,7.775,0,1
163,0,3,17.0,8.6625,0,1
164,0,3,1.0,39.6875,0,1
165,1,3,9.0,20.525,0,1
166,1,1,29.69911764705882,55.0,1,0
167,0,3,45.0,27.9,1,0
168,0,1,29.69911764705882,25.925,0,1
169,0,3,28.0,56.4958,0,1
170,0,1,61.0,33.5,0,1
171,0,3,4.0,29.125,0,1
172,1,3,1.0,11.1333,1,0
173,0,3,21.0,7.925,0,1
174,0,1,56.0,30.6958,0,1
175,0,3,18.0,7.8542,0,1
176,0,3,29.69911764705882,25.4667,0,1
177,0,1,50.0,28.7125,1,0
178,0,2,30.0,13.0,0,1
179,0,3,36.0,0.0,0,1
180,0,3,29.69911764705882,69.55,1,0
181,0,2,29.69911764705882,15.05,0,1
182,0,3,9.0,31.3875,0,1
183,1,2,1.0,39.0,0,1
184,1,3,4.0,22.025,1,0
185,0,1,29.69911764705882,50.0,0,1
186,1,3,29.69911764705882,15.5,1,0
187,1,1,45.0,26.55,0,1
188,0,3,40.0,15.5,0,1
189,0,3,36.0,7.8958,0,1
190,1,2,32.0,13.0,1,0
191,0,2,19.0,13.0,0,1
192,1,3,19.0,7.8542,1,0
193,1,2,3.0,26.0,0,1
194,1,1,44.0,27.7208,1,0
195,1,1,58.0,146.5208,1,0
196,0,3,29.69911764705882,7.75,0,1
197,0,3,42.0,8.4042,0,1
198,1,3,29.69911764705882,7.75,1,0
199,0,2,24.0,13.0,1,0
200,0,3,28.0,9.5,0,1
201,0,3,29.69911764705882,69.55,0,1
202,0,3,34.0,6.4958,0,1
203,0,3,45.5,7.225,0,1
204,1,3,18.0,8.05,0,1
205,0,3,2.0,10.4625,1,0
206,0,3,32.0,15.85,0,1
207,1,3,26.0,18.7875,0,1
208,1,3,16.0,7.75,1,0
209,1,1,40.0,31.0,0,1
210,0,3,24.0,7.05,0,1
211,1,2,35.0,21.0,1,0
212,0,3,22.0,7.25,0,1
213,0,2,30.0,13.0,0,1
214,0,3,29.69911764705882,7.75,0,1
215,1,1,31.0,113.275,1,0
216,1,3,27.0,7.925,1,0
217,0,2,42.0,27.0,0,1
218,1,1,32.0,76.2917,1,0
219,0,2,30.0,10.5,0,1
220,1,3,16.0,8.05,0,1
221,0,2,27.0,13.0,0,1
222,0,3,51.0,8.05,0,1
223,0,3,29.69911764705882,7.8958,0,1
224,1,1,38.0,90.0,0,1
225,0,3,22.0,9.35,0,1
226,1,2,19.0,10.5,0,1
227,0,3,20.5,7.25,0,1
228,0,2,18.0,13.0,0,1
229,0,3,29.69911764705882,25.4667,1,0
230,1,1,35.0,83.475,1,0
231,0,3,29.0,7.775,0,1
232,0,2,59.0,13.5,0,1
233,1,3,5.0,31.3875,1,0
234,0,2,24.0,10.5,0,1
235,0,3,29.69911764705882,7.55,1,0
236,0,2,44.0,26.0,0,1
237,1,2,8.0,26.25,1,0
238,0,2,19.0,10.5,0,1
239,0,2,33.0,12.275,0,1
240,0,3,29.69911764705882,14.4542,1,0
241,1,3,29.69911764705882,15.5,1,0
242,0,2,29.0,10.5,0,1
243,0,3,22.0,7.125,0,1
244,0,3,30.0,7.225,0,1
245,0,1,44.0,90.0,0,1
246,0,3,25.0,7.775,1,0
247,1,2,24.0,14.5,1,0
248,1,1,37.0,52.5542,0,1
249,0,2,54.0,26.0,0,1
250,0,3,29.69911764705882,7.25,0,1
251,0,3,29.0,10.4625,1,0
252,0,1,62.0,26.55,0,1
253,0,3,30.0,16.1,0,1
254,0,3,41.0,20.2125,1,0
255,1,3,29.0,15.2458,1,0
256,1,1,29.69911764705882,79.2,1,0
257,1,1,30.0,86.5,1,0
258,1,1,35.0,512.3292,1,0
259,1,2,50.0,26.0,1,0
260,0,3,29.69911764705882,7.75,0,1
261,1,3,3.0,31.3875,0,1
262,0,1,52.0,79.65,0,1
263,0,1,40.0,0.0,0,1
264,0,3,29.69911764705882,7.75,1,0
265,0,2,36.0,10.5,0,1
266,0,3,16.0,39.6875,0,1
267,1,3,25.0,7.775,0,1
268,1,1,58.0,153.4625,1,0
269,1,1,35.0,135.6333,1,0
270,0,1,29.69911764705882,31.0,0,1
271,1,3,25.0,0.0,0,1
272,1,2,41.0,19.5,1,0
273,0,1,37.0,29.7,0,1
274,1,3,29.69911764705882,7.75,1,0
275,1,1,63.0,77.9583,1,0
276,0,3,45.0,7.75,1,0
277,0,2,29.69911764705882,0.0,0,1
278,0,3,7.0,29.125,0,1
279,1,3,35.0,20.25,1,0
280,0,3,65.0,7.75,0,1
281,0,3,28.0,7.8542,0,1
282,0,3,16.0,9.5,0,1
283,1,3,19.0,8.05,0,1
284,0,1,29.69911764705882,26.0,0,1
285,0,3,33.0,8.6625,0,1
286,1,3,30.0,9.5,0,1
287,0,3,22.0,7.8958,0,1
288,1,2,42.0,13.0,0,1
289,1,3,22.0,7.75,1,0
290,1,1,26.0,78.85,1,0
291,1,1,19.0,91.0792,1,0
292,0,2,36.0,12.875,0,1
293,0,3,24.0,8.85,1,0
294,0,3,24.0,7.8958,0,1
295,0,1,29.69911764705882,27.7208,0,1
296,0,3,23.5,7.2292,0,1
297,0,1,2.0,151.55,1,0
298,1,1,29.69911764705882,30.5,0,1
299,1,1,50.0,247.5208,1,0
300,1,3,29.69911764705882,7.75,1,0
301,1,3,29.69911764705882,23.25,0,1
302,0,3,19.0,0.0,0,1
303,1,2,29.69911764705882,12.35,1,0
304,0,3,29.69911764705882,8.05,0,1
305,1,1,0.92,151.55,0,1
306,1,1,29.69911764705882,110.8833,1,0
307,1,1,17.0,108.9,1,0
308,0,2,30.0,24.0,0,1
309,1,1,30.0,56.9292,1,0
310,1,1,24.0,83.1583,1,0
311,1,1,18.0,262.375,1,0
312,0,2,26.0,26.0,1,0
313,0,3,28.0,7.8958,0,1
314,0,2,43.0,26.25,0,1
315,1,3,26.0,7.8542,1,0
316,1,2,24.0,26.0,1,0
317,0,2,54.0,14.0,0,1
318,1,1,31.0,164.8667,1,0
319,1,1,40.0,134.5,1,0
320,0,3,22.0,7.25,0,1
321,0,3,27.0,7.8958,0,1
322,1,2,30.0,12.35,1,0
323,1,2,22.0,29.0,1,0
324,0,3,29.69911764705882,69.55,0,1
325,1,1,36.0,135.6333,1,0
326,0,3,61.0,6.2375,0,1
327,1,2,36.0,13.0,1,0
328,1,3,31.0,20.525,1,0
329,1,1,16.0,57.9792,1,0
330,1,3,29.69911764705882,23.25,1,0
331,0,1,45.5,28.5,0,1
332,0,1,38.0,153.4625,0,1
333,0,3,16.0,18.0,0,1
334,1,1,29.69911764705882,133.65,1,0
335,0,3,29.69911764705882,7.8958,0,1
336,0,1,29.0,66.6,0,1
337,1,1,41.0,134.5,1,0
338,1,3,45.0,8.05,0,1
339,0,1,45.0,35.5,0,1
340,1,2,2.0,26.0,0,1
341,1,1,24.0,263.0,1,0
342,0,2,28.0,13.0,0,1
343,0,2,25.0,13.0,0,1
344,0,2,36.0,13.0,0,1
345,1,2,24.0,13.0,1,0
346,1,2,40.0,13.0,1,0
347,1,3,29.69911764705882,16.1,1,0
348,1,3,3.0,15.9,0,1
349,0,3,42.0,8.6625,0,1
350,0,3,23.0,9.225,0,1
351,0,1,29.69911764705882,35.0,0,1
352,0,3,15.0,7.2292,0,1
353,0,3,25.0,17.8,0,1
354,0,3,29.69911764705882,7.225,0,1
355,0,3,28.0,9.5,0,1
356,1,1,22.0,55.0,1,0
357,0,2,38.0,13.0,1,0
358,1,3,29.69911764705882,7.8792,1,0
359,1,3,29.69911764705882,7.8792,1,0
360,0,3,40.0,27.9,0,1
361,0,2,29.0,27.7208,0,1
362,0,3,45.0,14.4542,1,0
363,0,3,35.0,7.05,0,1
364,0,3,29.69911764705882,15.5,0,1
365,0,3,30.0,7.25,0,1
366,1,1,60.0,75.25,1,0
367,1,3,29.69911764705882,7.2292,1,0
368,1,3,29.69911764705882,7.75,1,0
369,1,1,24.0,69.3,1,0
370,1,1,25.0,55.4417,0,1
371,0,3,18.0,6.4958,0,1
372,0,3,19.0,8.05,0,1
373,0,1,22.0,135.6333,0,1
374,0,3,3.0,21.075,1,0
375,1,1,29.69911764705882,82.1708,1,0
376,1,3,22.0,7.25,1,0
377,0,1,27.0,211.5,0,1
378,0,3,20.0,4.0125,0,1
379,0,3,19.0,7.775,0,1
380,1,1,42.0,227.525,1,0
381,1,3,1.0,15.7417,1,0
382,0,3,32.0,7.925,0,1
383,1,1,35.0,52.0,1,0
384,0,3,29.69911764705882,7.8958,0,1
385,0,2,18.0,73.5,0,1
386,0,3,1.0,46.9,0,1
387,1,2,36.0,13.0,1,0
388,0,3,29.69911764705882,7.7292,0,1
389,1,2,17.0,12.0,1,0
390,1,1,36.0,120.0,0,1
391,1,3,21.0,7.7958,0,1
392,0,3,28.0,7.925,0,1
393,1,1,23.0,113.275,1,0
394,1,3,24.0,16.7,1,0
395,0,3,22.0,7.7958,0,1
396,0,3,31.0,7.8542,1,0
397,0,2,46.0,26.0,0,1
398,0,2,23.0,10.5,0,1
399,1,2,28.0,12.65,1,0
400,1,3,39.0,7.925,0,1
401,0,3,26.0,8.05,0,1
402,0,3,21.0,9.825,1,0
403,0,3,28.0,15.85,0,1
404,0,3,20.0,8.6625,1,0
405,0,2,34.0,21.0,0,1
406,0,3,51.0,7.75,0,1
407,1,2,3.0,18.75,0,1
408,0,3,21.0,7.775,0,1
409,0,3,29.69911764705882,25.4667,1,0
410,0,3,29.69911764705882,7.8958,0,1
411,0,3,29.69911764705882,6.8583,0,1
412,1,1,33.0,90.0,1,0
413,0,2,29.69911764705882,0.0,0,1
414,1,3,44.0,7.925,0,1
415,0,3,29.69911764705882,8.05,1,0
416,1,2,34.0,32.5,1,0
417,1,2,18.0,13.0,1,0
418,0,2,30.0,13.0,0,1
419,0,3,10.0,24.15,1,0
420,0,3,29.69911764705882,7.8958,0,1
421,0,3,21.0,7.7333,0,1
422,0,3,29.0,7.875,0,1
423,0,3,28.0,14.4,1,0
424,0,3,18.0,20.2125,0,1
425,0,3,29.69911764705882,7.25,0,1
426,1,2,28.0,26.0,1,0
427,1,2,19.0,26.0,1,0
428,0,3,29.69911764705882,7.75,0,1
429,1,3,32.0,8.05,0,1
430,1,1,28.0,26.55,0,1
431,1,3,29.69911764705882,16.1,1,0
432,1,2,42.0,26.0,1,0
433,0,3,17.0,7.125,0,1
434,0,1,50.0,55.9,0,1
435,1,1,14.0,120.0,1,0
436,0,3,21.0,34.375,1,0
437,1,2,24.0,18.75,1,0
438,0,1,64.0,263.0,0,1
439,0,2,31.0,10.5,0,1
440,1,2,45.0,26.25,1,0
441,0,3,20.0,9.5,0,1
442,0,3,25.0,7.775,0,1
443,1,2,28.0,13.0,1,0
444,1,3,29.69911764705882,8.1125,0,1
445,1,1,4.0,81.8583,0,1
446,1,2,13.0,19.5,1,0
447,1,1,34.0,26.55,0,1
448,1,3,5.0,19.2583,1,0
449,1,1,52.0,30.5,0,1
450,0,2,36.0,27.75,0,1
451,0,3,29.69911764705882,19.9667,0,1
452,0,1,30.0,27.75,0,1
453,1,1,49.0,89.1042,0,1
454,0,3,29.69911764705882,8.05,0,1
455,1,3,29.0,7.8958,0,1
456,0,1,65.0,26.55,0,1
457,1,1,29.69911764705882,51.8625,1,0
458,1,2,50.0,10.5,1,0
459,0,3,29.69911764705882,7.75,0,1
460,1,1,48.0,26.55,0,1
461,0,3,34.0,8.05,0,1
462,0,1,47.0,38.5,0,1
463,0,2,48.0,13.0,0,1
464,0,3,29.69911764705882,8.05,0,1
465,0,3,38.0,7.05,0,1
466,0,2,29.69911764705882,0.0,0,1
467,0,1,56.0,26.55,0,1
468,0,3,29.69911764705882,7.725,0,1
469,1,3,0.75,19.2583,1,0
470,0,3,29.69911764705882,7.25,0,1
471,0,3,38.0,8.6625,0,1
472,1,2,33.0,27.75,1,0
473,1,2,23.0,13.7917,1,0
474,0,3,22.0,9.8375,1,0
475,0,1,29.69911764705882,52.0,0,1
476,0,2,34.0,21.0,0,1
477,0,3,29.0,7.0458,0,1
478,0,3,22.0,7.5208,0,1
479,1,3,2.0,12.2875,1,0
480,0,3,9.0,46.9,0,1
481,0,2,29.69911764705882,0.0,0,1
482,0,3,50.0,8.05,0,1
483,1,3,63.0,9.5875,1,0
484,1,1,25.0,91.0792,0,1
485,0,3,29.69911764705882,25.4667,1,0
486,1,1,35.0,90.0,1,0
487,0,1,58.0,29.7,0,1
488,0,3,30.0,8.05,0,1
489,1,3,9.0,15.9,0,1
490,0,3,29.69911764705882,19.9667,0,1
491,0,3,21.0,7.25,0,1
492,0,1,55.0,30.5,0,1
493,0,1,71.0,49.5042,0,1
494,0,3,21.0,8.05,0,1
495,0,3,29.69911764705882,14.4583,0,1
496,1,1,54.0,78.2667,1,0
497,0,3,29.69911764705882,15.1,0,1
498,0,1,25.0,151.55,1,0
499,0,3,24.0,7.7958,0,1
500,0,3,17.0,8.6625,0,1
501,0,3,21.0,7.75,1,0
502,0,3,29.69911764705882,7.6292,1,0
503,0,3,37.0,9.5875,1,0
504,1,1,16.0,86.5,1,0
505,0,1,18.0,108.9,0,1
506,1,2,33.0,26.0,1,0
507,1,1,29.69911764705882,26.55,0,1
508,0,3,28.0,22.525,0,1
509,1,3,26.0,56.4958,0,1
510,1,3,29.0,7.75,0,1
511,0,3,29.69911764705882,8.05,0,1
512,1,1,36.0,26.2875,0,1
513,1,1,54.0,59.4,1,0
514,0,3,24.0,7.4958,0,1
515,0,1,47.0,34.0208,0,1
516,1,2,34.0,10.5,1,0
517,0,3,29.69911764705882,24.15,0,1
518,1,2,36.0,26.0,1,0
519,0,3,32.0,7.8958,0,1
520,1,1,30.0,93.5,1,0
521,0,3,22.0,7.8958,0,1
522,0,3,29.69911764705882,7.225,0,1
523,1,1,44.0,57.9792,1,0
524,0,3,29.69911764705882,7.2292,0,1
525,0,3,40.5,7.75,0,1
526,1,2,50.0,10.5,1,0
527,0,1,29.69911764705882,221.7792,0,1
528,0,3,39.0,7.925,0,1
529,0,2,23.0,11.5,0,1
530,1,2,2.0,26.0,1,0
531,0,3,29.69911764705882,7.2292,0,1
532,0,3,17.0,7.2292,0,1
533,1,3,29.69911764705882,22.3583,1,0
534,0,3,30.0,8.6625,1,0
535,1,2,7.0,26.25,1,0
536,0,1,45.0,26.55,0,1
537,1,1,30.0,106.425,1,0
538,0,3,29.69911764705882,14.5,0,1
539,1,1,22.0,49.5,1,0
540,1,1,36.0,71.0,1,0
541,0,3,9.0,31.275,1,0
542,0,3,11.0,31.275,1,0
543,1,2,32.0,26.0,0,1
544,0,1,50.0,106.425,0,1
545,0,1,64.0,26.0,0,1
546,1,2,19.0,26.0,1,0
547,1,2,29.69911764705882,13.8625,0,1
548,0,3,33.0,20.525,0,1
549,1,2,8.0,36.75,0,1
550,1,1,17.0,110.8833,0,1
551,0,2,27.0,26.0,0,1
552,0,3,29.69911764705882,7.8292,0,1
553,1,3,22.0,7.225,0,1
554,1,3,22.0,7.775,1,0
555,0,1,62.0,26.55,0,1
556,1,1,48.0,39.6,1,0
557,0,1,29.69911764705882,227.525,0,1
558,1,1,39.0,79.65,1,0
559,1,3,36.0,17.4,1,0
560,0,3,29.69911764705882,7.75,0,1
561,0,3,40.0,7.8958,0,1
562,0,2,28.0,13.5,0,1
563,0,3,29.69911764705882,8.05,0,1
564,0,3,29.69911764705882,8.05,1,0
565,0,3,24.0,24.15,0,1
566,0,3,19.0,7.8958,0,1
567,0,3,29.0,21.075,1,0
568,0,3,29.69911764705882,7.2292,0,1
569,1,3,32.0,7.8542,0,1
570,1,2,62.0,10.5,0,1
571,1,1,53.0,51.4792,1,0
572,1,1,36.0,26.3875,0,1
573,1,3,29.69911764705882,7.75,1,0
574,0,3,16.0,8.05,0,1
575,0,3,19.0,14.5,0,1
576,1,2,34.0,13.0,1,0
577,1,1,39.0,55.9,1,0
578,0,3,29.69911764705882,14.4583,1,0
579,1,3,32.0,7.925,0,1
580,1,2,25.0,30.0,1,0
581,1,1,39.0,110.8833,1,0
582,0,2,54.0,26.0,0,1
583,0,1,36.0,40.125,0,1
584,0,3,29.69911764705882,8.7125,0,1
585,1,1,18.0,79.65,1,0
586,0,2,47.0,15.0,0,1
587,1,1,60.0,79.2,0,1
588,0,3,22.0,8.05,0,1
589,0,3,29.69911764705882,8.05,0,1
590,0,3,35.0,7.125,0,1
591,1,1,52.0,78.2667,1,0
592,0,3,47.0,7.25,0,1
593,0,3,29.69911764705882,7.75,1,0
594,0,2,37.0,26.0,0,1
595,0,3,36.0,24.15,0,1
596,1,2,29.69911764705882,33.0,1,0
597,0,3,49.0,0.0,0,1
598,0,3,29.69911764705882,7.225,0,1
599,1,1,49.0,56.9292,0,1
600,1,2,24.0,27.0,1,0
601,0,3,29.69911764705882,7.8958,0,1
602,0,1,29.69911764705882,42.4,0,1
603,0,3,44.0,8.05,0,1
604,1,1,35.0,26.55,0,1
605,0,3,36.0,15.55,0,1
606,0,3,30.0,7.8958,0,1
607,1,1,27.0,30.5,0,1
608,1,2,22.0,41.5792,1,0
609,1,1,40.0,153.4625,1,0
610,0,3,39.0,31.275,1,0
611,0,3,29.69911764705882,7.05,0,1
612,1,3,29.69911764705882,15.5,1,0
613,0,3,29.69911764705882,7.75,0,1
614,0,3,35.0,8.05,0,1
615,1,2,24.0,65.0,1,0
616,0,3,34.0,14.4,0,1
617,0,3,26.0,16.1,1,0
618,1,2,4.0,39.0,1,0
619,0,2,26.0,10.5,0,1
620,0,3,27.0,14.4542,0,1
621,1,1,42.0,52.5542,0,1
622,1,3,20.0,15.7417,0,1
623,0,3,21.0,7.8542,0,1
624,0,3,21.0,16.1,0,1
625,0,1,61.0,32.3208,0,1
626,0,2,57.0,12.35,0,1
627,1,1,21.0,77.9583,1,0
628,0,3,26.0,7.8958,0,1
629,0,3,29.69911764705882,7.7333,0,1
630,1,1,80.0,30.0,0,1
631,0,3,51.0,7.0542,0,1
632,1,1,32.0,30.5,0,1
633,0,1,29.69911764705882,0.0,0,1
634,0,3,9.0,27.9,1,0
635,1,2,28.0,13.0,1,0
636,0,3,32.0,7.925,0,1
637,0,2,31.0,26.25,0,1
638,0,3,41.0,39.6875,1,0
639,0,3,29.69911764705882,16.1,0,1
640,0,3,20.0,7.8542,0,1
641,1,1,24.0,69.3,1,0
642,0,3,2.0,27.9,1,0
643,1,3,29.69911764705882,56.4958,0,1
644,1,3,0.75,19.2583,1,0
645,1,1,48.0,76.7292,0,1
646,0,3,19.0,7.8958,0,1
647,1,1,56.0,35.5,0,1
648,0,3,29.69911764705882,7.55,0,1
649,1,3,23.0,7.55,1,0
650,0,3,29.69911764705882,7.8958,0,1
651,1,2,18.0,23.0,1,0
652,0,3,21.0,8.4333,0,1
653,1,3,29.69911764705882,7.8292,1,0
654,0,3,18.0,6.75,1,0
655,0,2,24.0,73.5,0,1
656,0,3,29.69911764705882,7.8958,0,1
657,0,3,32.0,15.5,1,0
658,0,2,23.0,13.0,0,1
659,0,1,58.0,113.275,0,1
660,1,1,50.0,133.65,0,1
661,0,3,40.0,7.225,0,1
662,0,1,47.0,25.5875,0,1
663,0,3,36.0,7.4958,0,1
664,1,3,20.0,7.925,0,1
665,0,2,32.0,73.5,0,1
666,0,2,25.0,13.0,0,1
667,0,3,29.69911764705882,7.775,0,1
668,0,3,43.0,8.05,0,1
669,1,1,29.69911764705882,52.0,1,0
670,1,2,40.0,39.0,1,0
671,0,1,31.0,52.0,0,1
672,0,2,70.0,10.5,0,1
673,1,2,31.0,13.0,0,1
674,0,2,29.69911764705882,0.0,0,1
675,0,3,18.0,7.775,0,1
676,0,3,24.5,8.05,0,1
677,1,3,18.0,9.8417,1,0
678,0,3,43.0,46.9,1,0
679,1,1,36.0,512.3292,0,1
680,0,3,29.69911764705882,8.1375,1,0
681,1,1,27.0,76.7292,0,1
682,0,3,20.0,9.225,0,1
683,0,3,14.0,46.9,0,1
684,0,2,60.0,39.0,0,1
685,0,2,25.0,41.5792,0,1
686,0,3,14.0,39.6875,0,1
687,0,3,19.0,10.1708,0,1
688,0,3,18.0,7.7958,0,1
689,1,1,15.0,211.3375,1,0
690,1,1,31.0,57.0,0,1
691,1,3,4.0,13.4167,1,0
692,1,3,29.69911764705882,56.4958,0,1
693,0,3,25.0,7.225,0,1
694,0,1,60.0,26.55,0,1
695,0,2,52.0,13.5,0,1
696,0,3,44.0,8.05,0,1
697,1,3,29.69911764705882,7.7333,1,0
698,0,1,49.0,110.8833,0,1
699,0,3,42.0,7.65,0,1
700,1,1,18.0,227.525,1,0
701,1,1,35.0,26.2875,0,1
702,0,3,18.0,14.4542,1,0
703,0,3,25.0,7.7417,0,1
704,0,3,26.0,7.8542,0,1
705,0,2,39.0,26.0,0,1
706,1,2,45.0,13.5,1,0
707,1,1,42.0,26.2875,0,1
708,1,1,22.0,151.55,1,0
709,1,3,29.69911764705882,15.2458,0,1
710,1,1,24.0,49.5042,1,0
711,0,1,29.69911764705882,26.55,0,1
712,1,1,48.0,52.0,0,1
713,0,3,29.0,9.4833,0,1
714,0,2,52.0,13.0,0,1
715,0,3,19.0,7.65,0,1
716,1,1,38.0,227.525,1,0
717,1,2,27.0,10.5,1,0
718,0,3,29.69911764705882,15.5,0,1
719,0,3,33.0,7.775,0,1
720,1,2,6.0,33.0,1,0
721,0,3,17.0,7.0542,0,1
722,0,2,34.0,13.0,0,1
723,0,2,50.0,13.0,0,1
724,1,1,27.0,53.1,0,1
725,0,3,20.0,8.6625,0,1
726,1,2,30.0,21.0,1,0
727,1,3,29.69911764705882,7.7375,1,0
728,0,2,25.0,26.0,0,1
729,0,3,25.0,7.925,1,0
730,1,1,29.0,211.3375,1,0
731,0,3,11.0,18.7875,0,1
732,0,2,29.69911764705882,0.0,0,1
733,0,2,23.0,13.0,0,1
734,0,2,23.0,13.0,0,1
735,0,3,28.5,16.1,0,1
736,0,3,48.0,34.375,1,0
737,1,1,35.0,512.3292,0,1
738,0,3,29.69911764705882,7.8958,0,1
739,0,3,29.69911764705882,7.8958,0,1
740,1,1,29.69911764705882,30.0,0,1
741,0,1,36.0,78.85,0,1
742,1,1,21.0,262.375,1,0
743,0,3,24.0,16.1,0,1
744,1,3,31.0,7.925,0,1
745,0,1,70.0,71.0,0,1
746,0,3,16.0,20.25,0,1
747,1,2,30.0,13.0,1,0
748,0,1,19.0,53.1,0,1
749,0,3,31.0,7.75,0,1
750,1,2,4.0,23.0,1,0
751,1,3,6.0,12.475,0,1
752,0,3,33.0,9.5,0,1
753,0,3,23.0,7.8958,0,1
754,1,2,48.0,65.0,1,0
755,1,2,0.67,14.5,0,1
756,0,3,28.0,7.7958,0,1
757,0,2,18.0,11.5,0,1
758,0,3,34.0,8.05,0,1
759,1,1,33.0,86.5,1,0
760,0,3,29.69911764705882,14.5,0,1
761,0,3,41.0,7.125,0,1
762,1,3,20.0,7.2292,0,1
763,1,1,36.0,120.0,1,0
764,0,3,16.0,7.775,0,1
765,1,1,51.0,77.9583,1,0
766,0,1,29.69911764705882,39.6,0,1
767,0,3,30.5,7.75,1,0
768,0,3,29.69911764705882,24.15,0,1
769,0,3,32.0,8.3625,0,1
770,0,3,24.0,9.5,0,1
771,0,3,48.0,7.8542,0,1
772,0,2,57.0,10.5,1,0
773,0,3,29.69911764705882,7.225,0,1
774,1,2,54.0,23.0,1,0
775,0,3,18.0,7.75,0,1
776,0,3,29.69911764705882,7.75,0,1
777,1,3,5.0,12.475,1,0
778,0,3,29.69911764705882,7.7375,0,1
779,1,1,43.0,211.3375,1,0
780,1,3,13.0,7.2292,1,0
781,1,1,17.0,57.0,1,0
782,0,1,29.0,30.0,0,1
783,0,3,29.69911764705882,23.45,0,1
784,0,3,25.0,7.05,0,1
785,0,3,25.0,7.25,0,1
786,1,3,18.0,7.4958,1,0
787,0,3,8.0,29.125,0,1
788,1,3,1.0,20.575,0,1
789,0,1,46.0,79.2,0,1
790,0,3,29.69911764705882,7.75,0,1
791,0,2,16.0,26.0,0,1
792,0,3,29.69911764705882,69.55,1,0
793,0,1,29.69911764705882,30.6958,0,1
794,0,3,25.0,7.8958,0,1
795,0,2,39.0,13.0,0,1
796,1,1,49.0,25.9292,1,0
797,1,3,31.0,8.6833,1,0
798,0,3,30.0,7.2292,0,1
799,0,3,30.0,24.15,1,0
800,0,2,34.0,13.0,0,1
801,1,2,31.0,26.25,1,0
802,1,1,11.0,120.0,0,1
803,1,3,0.42,8.5167,0,1
804,1,3,27.0,6.975,0,1
805,0,3,31.0,7.775,0,1
806,0,1,39.0,0.0,0,1
807,0,3,18.0,7.775,1,0
808,0,2,39.0,13.0,0,1
809,1,1,33.0,53.1,1,0
810,0,3,26.0,7.8875,0,1
811,0,3,39.0,24.15,0,1
812,0,2,35.0,10.5,0,1
813,0,3,6.0,31.275,1,0
814,0,3,30.5,8.05,0,1
815,0,1,29.69911764705882,0.0,0,1
816,0,3,23.0,7.925,1,0
817,0,2,31.0,37.0042,0,1
818,0,3,43.0,6.45,0,1
819,0,3,10.0,27.9,0,1
820,1,1,52.0,93.5,1,0
821,1,3,27.0,8.6625,0,1
822,0,1,38.0,0.0,0,1
823,1,3,27.0,12.475,1,0
824,0,3,2.0,39.6875,0,1
825,0,3,29.69911764705882,6.95,0,1
826,0,3,29.69911764705882,56.4958,0,1
827,1,2,1.0,37.0042,0,1
828,1,3,29.69911764705882,7.75,0,1
829,1,1,62.0,80.0,1,0
830,1,3,15.0,14.4542,1,0
831,1,2,0.83,18.75,0,1
832,0,3,29.69911764705882,7.2292,0,1
833,0,3,23.0,7.8542,0,1
834,0,3,18.0,8.3,0,1
835,1,1,39.0,83.1583,1,0
836,0,3,21.0,8.6625,0,1
837,0,3,29.69911764705882,8.05,0,1
838,1,3,32.0,56.4958,0,1
839,1,1,29.69911764705882,29.7,0,1
840,0,3,20.0,7.925,0,1
841,0,2,16.0,10.5,0,1
842,1,1,30.0,31.0,1,0
843,0,3,34.5,6.4375,0,1
844,0,3,17.0,8.6625,0,1
845,0,3,42.0,7.55,0,1
846,0,3,29.69911764705882,69.55,0,1
847,0,3,35.0,7.8958,0,1
848,0,2,28.0,33.0,0,1
849,1,1,29.69911764705882,89.1042,1,0
850,0,3,4.0,31.275,0,1
851,0,3,74.0,7.775,0,1
852,0,3,9.0,15.2458,1,0
853,1,1,16.0,39.4,1,0
854,0,2,44.0,26.0,1,0
855,1,3,18.0,9.35,1,0
856,1,1,45.0,164.8667,1,0
857,1,1,51.0,26.55,0,1
858,1,3,24.0,19.2583,1,0
859,0,3,29.69911764705882,7.2292,0,1
860,0,3,41.0,14.1083,0,1
861,0,2,21.0,11.5,0,1
862,1,1,48.0,25.9292,1,0
863,0,3,29.69911764705882,69.55,1,0
864,0,2,24.0,13.0,0,1
865,1,2,42.0,13.0,1,0
866,1,2,27.0,13.8583,1,0
867,0,1,31.0,50.4958,0,1
868,0,3,29.69911764705882,9.5,0,1
869,1,3,4.0,11.1333,0,1
870,0,3,26.0,7.8958,0,1
871,1,1,47.0,52.5542,1,0
872,0,1,33.0,5.0,0,1
873,0,3,47.0,9.0,0,1
874,1,2,28.0,24.0,1,0
875,1,3,15.0,7.225,1,0
876,0,3,20.0,9.8458,0,1
877,0,3,19.0,7.8958,0,1
878,0,3,29.69911764705882,7.8958,0,1
879,1,1,56.0,83.1583,1,0
880,1,2,25.0,26.0,1,0
881,0,3,33.0,7.8958,0,1
882,0,3,22.0,10.5167,1,0
883,0,2,28.0,10.5,0,1
884,0,3,25.0,7.05,0,1
885,0,3,39.0,29.125,1,0
886,0,2,27.0,13.0,0,1
887,1,1,19.0,30.0,1,0
888,0,3,29.69911764705882,23.45,1,0
889,1,1,26.0,30.0,0,1
890,0,3,32.0,7.75,0,1
